Landmark,X,Y,Z
1,115.108826,-126.302605,82.40283
2,86.40991,-107.65139,54.366337
3,96.5763,-130.02692,66.81557
4,120.998,-135.6772,69.30649
5,98.776985,-78.821945,60.87032
6,155.39917,-117.5544,69.47007
7,177.6515,-89.63766,45.010666
8,136.98947,-156.23166,86.345634
