Landmark,X,Y,Z
1,101.483284,-172.73643,111.7603
2,118.3847,-127.48432,116.00329
3,121.98367,-173.46458,106.876076
4,114.56199,-121.39264,108.143715
5,118.0041,-135.61,125.14364
6,125.28164,-175.88815,80.6211
7,110.20592,-124.62443,69.81309
8,70.12304,-90.993416,79.75679
9,111.6472,-106.82034,71.178764
10,117.56518,-83.94426,85.78219
