Landmark,X,Y,Z
1,136.56914,-124.261604,58.545002
2,134.71036,-123.92107,70.1093
3,118.11162,-143.86632,65.92903
4,116.76482,-114.897934,98.13643
5,141.2229,-134.68684,52.63204
6,83.542145,-135.91675,47.70738
7,87.23242,-105.34274,47.841118
8,113.85806,-53.714947,72.08903
