Landmark,X,Y,Z
1,107.781395,-129.44211,74.67927
2,118.392426,-121.91374,116.4904
3,108.19875,-118.35563,91.27811
4,89.47113,-105.44852,80.6379
5,125.83192,-83.366615,97.029175
6,143.70421,-128.72658,64.558
7,127.567406,-156.37405,80.26609
8,162.38211,-99.4992,79.672
