Landmark,X,Y,Z
1,119.49172,-150.5607,98.71781
2,122.70593,-152.08649,86.07901
3,120.60785,-126.54523,100.39845
4,117.82813,-118.633415,77.99231
5,117.76038,-121.536736,75.7372
6,120.373055,-134.77129,82.41016
7,125.53817,-121.43359,78.62807
8,120.33353,-100.022,74.986176
9,70.1934,-103.33986,78.90298
10,163.47148,-95.90386,74.846344
11,139.78108,-138.05788,60.18802
12,104.39837,-131.63667,59.222218
