Landmark,X,Y,Z
1,121.697136,-171.33441,99.01388
2,127.11504,-121.77874,83.13628
3,119.72554,-122.87013,113.634224
4,71.245316,-100.74831,49.92417
5,124.48699,-152.96565,93.1661
6,121.23656,-119.904205,85.842476
7,83.74683,-138.99002,63.286755
8,159.88252,-115.64821,68.5873
9,155.45033,-93.00138,84.193924
10,158.75401,-107.05586,84.54029
