Landmark,X,Y,Z
1,114.80009,-122.25757,88.17711
2,113.74166,-138.60812,73.82068
3,104.13747,-126.59492,68.48415
4,111.08561,-123.90281,80.15438
5,119.32091,-125.47302,111.80342
6,149.86368,-138.60242,71.55065
7,141.36058,-53.92408,55.045902
8,171.45612,-91.03481,75.41948
