Landmark,X,Y,Z
1,132.05067,-148.64359,73.164116
2,128.64279,-134.44278,68.10562
3,138.43819,-112.30289,55.30984
4,121.65545,-129.63252,73.442726
5,145.78983,-156.36945,59.145752
6,88.82817,-133.08485,63.127445
7,84.83384,-108.55029,55.954926
8,91.77986,-141.45232,46.210827
