Landmark,X,Y,Z
1,114.736404,-125.99697,82.31109
2,86.675,-107.42124,54.334976
3,95.892555,-129.03287,67.075584
4,120.31021,-135.4572,69.26631
5,98.90787,-79.109665,60.938286
6,155.37457,-117.58181,68.90727
7,177.67706,-89.80409,45.267082
8,136.65878,-156.05103,86.364784
