Landmark,X,Y,Z
1,125.36758,-123.85982,73.12661
2,91.75315,-119.99768,132.00195
3,122.77278,-168.06374,99.890366
4,76.78222,-116.89915,76.79511
5,76.1415,-123.03476,63.127182
6,120.38216,-126.76103,69.972626
7,82.47342,-146.60402,56.866238
8,149.98834,-136.51962,51.909256
9,160.62027,-121.878296,78.44808
10,134.88269,-110.30806,45.017887
