Landmark,X,Y,Z
1,120.95559,-170.54181,98.960014
2,126.52733,-121.943016,83.02124
3,119.02296,-122.857,112.899956
4,71.56716,-100.90169,50.007263
5,123.40276,-152.16328,93.18085
6,120.46392,-120.05432,85.60915
7,83.86226,-138.72678,63.584377
8,159.37914,-115.31198,68.78927
9,154.91142,-93.316216,83.94093
10,158.2188,-106.96598,84.42056
