Landmark,X,Y,Z
1,128.19711,-131.34238,66.47598
2,99.143234,-134.36345,62.19297
3,110.745834,-118.72232,66.094604
4,121.856346,-166.21632,95.91252
5,119.1784,-132.11636,112.06674
6,99.56002,-127.16518,127.375786
7,133.78847,-160.39728,105.890114
8,155.92412,-126.6045,59.37167
9,104.11861,-66.51411,64.79946
10,151.00923,-83.43759,77.901886
