Landmark,X,Y,Z
1,121.85438,-169.16594,98.38671
2,127.732735,-121.79642,83.13383
3,120.531525,-122.90745,113.37478
4,71.53739,-100.7649,49.871902
5,124.771515,-152.04463,93.40275
6,121.19929,-119.898186,86.07876
7,82.117195,-138.8064,62.920753
8,159.65002,-115.03471,68.396904
9,155.09918,-93.20441,83.2898
10,158.54347,-106.76714,83.78431
