Landmark,X,Y,Z
1,126.988335,-126.80773,70.53085
2,139.01486,-127.23516,47.518707
3,162.32693,-114.89024,97.28117
4,142.65538,-99.59806,76.90048
5,148.88423,-151.29526,55.78866
6,97.01812,-133.96768,63.74094
7,89.8377,-127.355774,48.409878
8,105.66117,-80.376564,61.285007
