Landmark,X,Y,Z
1,120.03381,-103.42521,75.42293
2,117.75721,-80.8956,72.71675
3,146.47432,-104.88096,69.93341
4,114.67589,-92.37745,65.81042
5,117.146,-69.877495,65.28163
6,140.78757,-113.56934,60.46104
7,141.36621,-114.16017,73.38023
8,120.453636,-159.8264,94.3424
9,119.17862,-120.87878,77.65913
10,139.40001,-113.00449,76.40575
11,142.90964,-102.793175,75.71928
