Landmark,X,Y,Z
1,113.79893,-125.72236,82.011536
2,86.548676,-106.93086,53.92741
3,96.11451,-128.12846,67.64415
4,119.83232,-135.26328,69.375694
5,99.890686,-78.74886,60.74998
6,157.73701,-117.939064,68.28304
7,178.77394,-89.86388,44.720417
8,136.97804,-156.17693,86.33863
