Landmark,X,Y,Z
1,131.94402,-149.45044,73.06599
2,128.56819,-134.80507,68.47794
3,138.20734,-113.09908,55.397305
4,122.634895,-129.46028,73.3501
5,146.33778,-156.17969,58.24758
6,86.82649,-133.70166,61.041134
7,84.451324,-108.2775,55.634193
8,90.7933,-142.11859,45.14314
