Landmark,X,Y,Z
1,124.99956,-123.45696,73.76998
2,91.11849,-118.07982,133.08899
3,122.27547,-167.44945,99.581764
4,77.33292,-116.49852,76.91662
5,77.26761,-122.61533,63.2529
6,120.433044,-126.45465,70.29219
7,83.611374,-145.27141,57.2653
8,149.98886,-136.43123,51.94772
9,160.94469,-121.71596,77.90406
10,134.80542,-110.49862,44.76962
