Landmark,X,Y,Z
1,125.60992,-150.56378,74.1742
2,121.70875,-136.06511,69.158424
3,133.5374,-111.757484,55.456963
4,115.402534,-130.3534,74.86767
5,140.20529,-159.51419,60.96422
6,87.558685,-133.49875,62.22077
7,84.03777,-108.451126,54.656025
8,91.16836,-142.21257,44.944805
