Landmark,X,Y,Z
1,120.64567,-124.72201,73.02732
2,137.21536,-126.810196,50.203693
3,160.6354,-112.75013,99.90446
4,138.58559,-100.43381,77.70932
5,145.48842,-151.71681,59.39318
6,95.693695,-132.34941,62.341618
7,89.82328,-126.065475,45.553497
8,106.08791,-79.93228,58.47642
