Landmark,X,Y,Z
1,123.37892,-169.22299,98.11881
2,130.15428,-118.933815,82.74324
3,120.907135,-120.40593,113.450356
4,70.97969,-99.640526,50.07135
5,128.98175,-151.03976,93.519104
6,124.471535,-117.94127,85.26949
7,85.65916,-139.4344,63.69256
8,159.42703,-113.381065,68.15231
9,155.18198,-91.00557,82.64802
10,158.31207,-104.77312,84.63074
