Landmark,X,Y,Z
1,125.64569,-123.25825,73.65448
2,91.09694,-117.529816,132.7325
3,123.324814,-167.84428,98.73258
4,76.84233,-115.0361,73.89518
5,76.31506,-121.245094,61.452545
6,121.03632,-125.95863,69.49747
7,82.6656,-145.46237,55.801785
8,150.51556,-136.25508,52.137196
9,160.76398,-121.11911,77.66914
10,134.74786,-109.71187,45.60243
