Landmark,X,Y,Z
1,108.41331,-130.91566,73.12323
2,119.64988,-126.32875,115.31015
3,109.220924,-123.12327,90.01034
4,90.59649,-109.26049,78.32945
5,123.23585,-84.2484,95.06249
6,145.03436,-129.14839,62.947666
7,128.24661,-157.68999,79.158356
8,163.55856,-100.37178,77.78833
