Landmark,X,Y,Z
1,116.94136,-121.14649,84.82333
2,113.84934,-137.15018,71.71864
3,103.235725,-124.89442,66.95574
4,111.00331,-122.76035,76.749405
5,121.63517,-124.47788,107.05311
6,150.38571,-138.01874,70.68006
7,141.26215,-54.17132,54.102074
8,171.8101,-90.83159,73.97645
