Landmark,X,Y,Z
1,125.96141,-127.75162,85.59599
2,88.484505,-109.95004,54.68395
3,107.47939,-131.74394,70.703026
4,127.50803,-134.48024,69.77649
5,101.683624,-77.0472,61.813084
6,157.47275,-116.96733,68.56341
7,179.17102,-89.83935,44.53844
8,138.0043,-156.45526,87.51067
