Landmark,X,Y,Z
1,123.53554,-168.67105,99.17079
2,130.47267,-118.951904,83.316216
3,120.375114,-120.60958,114.15629
4,71.342186,-99.66046,50.079494
5,128.98392,-150.5092,96.23728
6,124.84536,-115.20967,86.51639
7,81.93212,-138.39769,59.99214
8,159.77876,-114.10602,67.628296
9,154.80035,-91.99732,82.595985
10,158.38676,-105.13686,83.00478
