Landmark,X,Y,Z
1,119.255806,-105.37562,74.16906
2,118.53677,-80.56583,72.87683
3,145.79175,-108.28233,69.27168
4,114.90763,-92.07912,66.17753
5,117.988106,-71.51717,66.121124
6,140.00928,-115.31897,59.081947
7,140.12285,-117.458466,72.7221
8,120.608215,-157.47842,94.07788
9,118.478645,-121.53449,76.37112
10,137.9378,-116.231064,75.54046
11,141.33234,-106.7317,75.76263
