Landmark,X,Y,Z
1,118.3692,-151.74474,98.09642
2,121.79646,-152.76369,85.79612
3,120.1955,-126.99037,101.13648
4,117.74308,-118.780045,77.54952
5,117.79447,-121.820526,75.53274
6,120.12745,-135.14581,82.47267
7,125.513115,-121.63243,78.50502
8,120.30989,-100.09002,75.14334
9,69.57511,-104.530045,79.53405
10,163.66267,-95.338646,75.32306
11,139.37944,-137.82053,60.011276
12,103.51018,-130.83252,59.399048
