Landmark,X,Y,Z
1,127.77947,-129.76003,67.07595
2,99.561966,-132.46745,62.859234
3,110.068146,-117.91215,66.54736
4,124.174736,-159.22865,99.79803
5,118.697876,-132.31346,111.878395
6,99.67307,-126.57667,125.65822
7,136.51494,-156.50453,106.71623
8,155.87793,-125.89529,59.44905
9,103.96964,-66.76095,64.56166
10,151.51006,-83.165306,77.86686
