Landmark,X,Y,Z
1,124.65099,-151.02942,73.3749
2,121.33433,-137.16318,68.41282
3,133.39772,-112.01493,55.19816
4,115.37044,-130.91399,74.070305
5,142.47856,-158.65768,57.64401
6,87.73566,-133.85179,61.60876
7,84.34961,-108.919266,54.267075
8,91.19038,-142.615,44.60813
