Landmark,X,Y,Z
1,125.77128,-123.79861,73.14998
2,90.7961,-117.3684,132.62889
3,123.22782,-168.0455,98.817986
4,77.04861,-114.993164,73.8513
5,76.40607,-121.26192,61.49146
6,121.029434,-126.12202,69.28968
7,83.23219,-145.3454,56.12902
8,150.19875,-136.29138,52.21542
9,160.85866,-121.28111,77.667175
10,134.77592,-109.56114,45.763058
