Landmark,X,Y,Z
1,120.159195,-102.71217,75.93095
2,118.2365,-80.63982,72.645355
3,145.1952,-104.44783,70.511856
4,114.845825,-91.62248,65.46245
5,117.10026,-69.92052,65.165565
6,140.1954,-114.216515,60.113796
7,140.27937,-114.84944,73.44406
8,120.61617,-160.43628,94.62755
9,119.33112,-121.72423,78.4685
10,137.88481,-113.44158,76.62539
11,140.80779,-101.49842,76.45794
