Landmark,X,Y,Z
1,128.16689,-131.64586,66.22235
2,99.784134,-134.4887,61.647217
3,111.16436,-118.8319,66.0976
4,120.99861,-169.60327,96.12516
5,120.87231,-131.46631,113.92867
6,100.670456,-126.52765,127.45549
7,134.21426,-161.4112,105.8391
8,156.06348,-126.482086,59.906067
9,104.22382,-66.40764,65.33442
10,151.42963,-83.61195,78.99847
