Landmark,X,Y,Z
1,125.59803,-127.02787,69.50335
2,138.75885,-127.267624,47.05712
3,163.77058,-115.14683,96.23665
4,142.83505,-99.54163,77.19933
5,149.32793,-152.10193,55.247353
6,97.15378,-132.85538,62.825855
7,90.39129,-126.18098,46.606186
8,105.68104,-80.27698,58.91096
