Landmark,X,Y,Z
1,130.81691,-149.09392,73.40656
2,127.280106,-134.71915,68.25188
3,137.60834,-112.47517,55.522636
4,120.31535,-130.08426,73.57941
5,145.42216,-156.88531,59.204414
6,88.79843,-133.0622,63.358868
7,84.734024,-108.38083,56.137543
8,91.75674,-141.54294,45.550663
