Landmark,X,Y,Z
1,125.738594,-123.29642,73.33169
2,91.733246,-116.71969,133.19739
3,123.0671,-167.87946,98.91424
4,77.00129,-114.99859,73.93546
5,76.372406,-121.310104,61.56757
6,121.08095,-126.07259,69.3804
7,83.35227,-145.33841,56.24867
8,150.26805,-136.22607,52.18643
9,160.77545,-121.27452,77.86092
10,134.72787,-109.76121,45.59738
