Landmark,X,Y,Z
1,116.40712,-121.04375,85.28659
2,113.739525,-137.157,71.81215
3,103.33929,-124.98862,66.93465
4,110.80344,-122.7106,76.85151
5,121.664055,-124.67489,107.25748
6,150.32954,-137.96638,70.774506
7,141.31784,-54.321175,54.106308
8,171.76248,-90.74909,73.9713
