Landmark,X,Y,Z
1,100.85731,-172.88896,111.32111
2,117.6034,-127.43337,117.14817
3,121.57804,-173.17021,106.55542
4,114.52525,-121.24359,108.417404
5,116.90698,-135.12009,125.423325
6,125.32272,-175.6607,80.60739
7,110.00177,-124.30323,70.18028
8,70.99349,-90.97935,80.0385
9,111.46123,-105.08313,71.034294
10,116.865974,-83.4679,86.403114
