Landmark,X,Y,Z
1,118.391815,-151.67352,98.12414
2,121.79655,-152.67896,85.9493
3,120.094894,-126.92944,100.762825
4,117.82875,-118.81343,77.63133
5,117.833664,-121.799126,75.56228
6,120.09968,-134.96907,82.48757
7,125.45221,-121.62091,78.53014
8,120.312775,-100.02131,75.11292
9,69.498856,-104.532326,79.562614
10,163.67732,-95.33712,75.32973
11,139.32585,-137.8255,59.962814
12,103.633606,-130.77702,59.424454
