Landmark,X,Y,Z
1,118.612526,-151.7517,98.37107
2,121.54689,-152.75362,86.0385
3,120.393555,-126.84882,100.72028
4,117.680504,-118.97473,77.60469
5,117.810074,-121.84151,75.38603
6,119.95193,-135.34544,82.33818
7,125.49508,-121.534454,78.46903
8,120.30511,-100.07194,74.96448
9,69.6046,-104.63705,79.35259
10,163.86435,-95.137764,75.18957
11,139.54489,-137.83638,59.924587
12,103.452286,-130.78703,59.03582
