Landmark,X,Y,Z
1,134.28848,-118.34094,56.13566
2,128.6725,-114.58538,68.20511
3,109.9222,-132.80725,65.71359
4,115.9617,-113.01991,98.32605
5,141.66193,-129.08272,50.632694
6,82.18675,-134.47398,48.1076
7,86.12252,-103.74621,47.13277
8,115.133675,-52.088814,71.230934
