Landmark,X,Y,Z
1,125.82139,-123.57125,73.39257
2,90.99569,-117.72546,132.29637
3,123.29584,-167.95853,98.67239
4,76.73514,-115.0207,73.93482
5,76.49036,-121.34291,61.570717
6,120.89981,-126.05113,69.37313
7,82.91724,-145.33339,55.972885
8,150.43338,-136.20287,52.161015
9,160.84671,-121.02097,77.657776
10,134.83289,-109.66929,45.591263
