Landmark,X,Y,Z
1,124.231895,-148.94975,73.32624
2,120.98491,-135.42865,68.902214
3,133.6196,-111.66129,55.493404
4,115.39739,-130.39682,74.48103
5,140.2979,-159.29375,60.853058
6,87.53817,-133.54945,62.09266
7,84.3087,-108.53406,54.63155
8,91.24622,-142.16739,44.95434
