Landmark,X,Y,Z
1,118.645226,-107.907234,72.527176
2,118.66858,-80.53511,72.89025
3,145.54724,-108.13187,69.572975
4,114.68087,-91.87842,65.84054
5,118.12118,-70.5477,65.70995
6,140.1059,-115.024,59.265255
7,139.78468,-116.98572,72.78958
8,120.68597,-157.23682,93.65475
9,118.65608,-121.60061,76.11336
10,137.73206,-115.87967,75.65506
11,141.1566,-106.7474,75.78628
