Landmark,X,Y,Z
1,109.245834,-129.79332,74.20678
2,119.561066,-125.25878,115.75353
3,109.14209,-121.84478,90.41698
4,90.57921,-109.26239,79.04719
5,122.3102,-83.27383,97.84502
6,144.06464,-128.39172,63.913197
7,128.06798,-156.87343,79.70424
8,163.6767,-100.17259,77.88498
