Landmark,X,Y,Z
1,120.095795,-125.16101,72.29588
2,137.34627,-126.36886,50.10166
3,160.38722,-112.60465,100.24502
4,137.73082,-95.41187,82.349754
5,146.46306,-151.71298,59.17348
6,95.62964,-132.24483,62.45108
7,89.655624,-126.05355,45.70088
8,106.03946,-79.86215,58.464787
