Landmark,X,Y,Z
1,123.241,-168.5563,99.06427
2,130.17982,-118.61305,83.17692
3,120.587875,-120.46017,113.844696
4,71.288765,-99.61356,50.137886
5,128.82806,-150.39969,95.48023
6,124.76698,-115.42051,86.616486
7,81.80929,-138.44366,61.266407
8,159.87524,-114.16605,67.62776
9,154.93092,-91.99196,82.54571
10,158.39955,-105.23896,83.41538
