Landmark,X,Y,Z
1,108.01732,-130.78282,73.09878
2,119.63432,-126.32638,115.39333
3,108.8469,-121.85085,89.936584
4,90.69805,-109.18057,78.50045
5,125.753334,-84.63997,95.49966
6,145.12291,-129.06564,62.984768
7,128.37236,-157.60248,79.03506
8,163.63551,-100.32095,77.7517
