Landmark,X,Y,Z
1,120.95803,-125.24218,73.90804
2,136.61784,-126.66687,50.56202
3,160.8474,-113.39626,99.75933
4,138.20346,-95.25368,82.02792
5,146.51047,-151.65504,58.059723
6,96.217575,-133.39255,64.18915
7,89.83946,-126.94448,49.245045
8,106.0002,-79.96412,62.02114
