Landmark,X,Y,Z
1,134.81015,-117.74803,56.28599
2,131.83035,-116.18494,69.09493
3,111.636215,-134.86269,66.14578
4,115.92927,-112.314224,97.95251
5,142.15776,-129.38345,49.980606
6,82.08575,-134.97247,47.91648
7,85.90801,-105.04772,46.65328
8,115.21381,-52.476192,70.83455
