Landmark,X,Y,Z
1,127.81899,-129.82196,67.00957
2,99.307686,-132.71613,62.657078
3,109.99639,-118.017914,66.55675
4,124.38765,-159.11023,100.24205
5,118.49158,-130.36751,111.399216
6,98.23303,-124.9475,125.30133
7,136.58722,-156.42346,106.54065
8,155.93864,-126.01702,59.391373
9,103.95262,-66.82534,64.46204
10,151.54033,-83.15706,77.86262
