Landmark,X,Y,Z
1,116.63393,-120.885864,84.96597
2,113.709984,-137.23145,71.733215
3,103.23181,-124.92869,66.924385
4,110.70108,-122.80172,76.376465
5,121.39191,-124.468956,106.90162
6,150.49257,-137.8372,70.99911
7,141.38316,-54.06647,54.23921
8,171.9982,-90.73713,74.14495
