Landmark,X,Y,Z
1,116.898476,-121.004265,84.65519
2,113.823746,-137.25618,71.77362
3,103.24517,-124.88859,66.9285
4,110.84791,-122.680435,76.5465
5,121.458885,-124.27123,106.860886
6,150.42902,-137.83937,70.897316
7,141.33952,-53.912857,54.278126
8,171.87202,-90.683235,74.16352
