Landmark,X,Y,Z
1,125.25597,-151.71599,74.18297
2,121.39544,-137.24017,68.631676
3,133.49419,-112.07836,55.263405
4,115.44439,-130.69096,74.41631
5,140.86592,-159.62494,58.262047
6,87.778404,-133.86084,61.610954
7,84.29975,-109.06438,54.202057
8,91.24762,-142.64964,44.53201
