Landmark,X,Y,Z
1,125.627914,-123.40321,73.61932
2,90.26268,-117.94487,132.21896
3,123.21223,-168.07622,98.99016
4,76.90799,-115.02408,73.90095
5,76.42414,-121.18095,61.623863
6,121.156715,-126.00019,69.34763
7,83.12004,-145.53786,56.057396
8,150.05788,-136.19176,52.210754
9,160.80852,-121.23406,77.70034
10,134.71326,-109.51671,45.79938
