Landmark,X,Y,Z
1,134.99425,-117.30034,56.288185
2,132.67094,-111.7735,69.112
3,108.663734,-133.4065,65.20143
4,115.96224,-112.33221,97.72138
5,141.91249,-129.30917,50.008366
6,82.05977,-134.9514,47.94833
7,85.88088,-104.7494,46.621128
8,115.16542,-52.554752,70.80793
