Landmark,X,Y,Z
1,116.252426,-121.133156,85.42823
2,113.86257,-137.13998,72.39579
3,103.69143,-125.039215,67.30623
4,111.148926,-122.78989,77.29228
5,121.229256,-124.8634,108.12853
6,150.55205,-137.48705,71.21954
7,141.73991,-53.31437,54.913666
8,172.19296,-90.37035,75.063774
