Landmark,X,Y,Z
1,108.0987,-129.82599,73.92841
2,119.16536,-123.01469,118.15499
3,108.76459,-121.110176,90.32206
4,90.27498,-109.03961,79.13672
5,122.58661,-83.91989,98.389755
6,144.32487,-128.4917,63.864117
7,128.1626,-157.02266,79.77526
8,163.66519,-100.12916,77.95889
