Landmark,X,Y,Z
1,124.77082,-149.11888,73.55174
2,121.6497,-135.16444,68.971756
3,133.64069,-111.675476,55.482372
4,115.55664,-130.22696,74.50812
5,140.63176,-159.07112,60.75387
6,87.50364,-133.53108,62.218845
7,84.35437,-108.28666,54.75204
8,91.22919,-142.14992,44.934933
