Landmark,X,Y,Z
1,118.48083,-151.74211,98.30064
2,121.84323,-152.70627,86.07015
3,120.469055,-126.92838,100.55233
4,117.64497,-118.86202,77.58159
5,117.814514,-121.79193,75.370674
6,120.11401,-135.1105,82.31705
7,125.49044,-121.55716,78.453705
8,120.32232,-100.10996,74.96945
9,69.62084,-104.58989,79.29491
10,163.79692,-95.17534,75.20863
11,139.57314,-137.84752,59.891453
12,103.491875,-130.87883,59.118034
