Landmark,X,Y,Z
1,101.26874,-172.53198,111.37205
2,117.69142,-126.95794,116.66551
3,121.91072,-173.26604,106.62834
4,114.346985,-120.78251,107.87395
5,117.67816,-135.97368,125.0973
6,125.51319,-175.64098,80.444786
7,110.03435,-124.049904,69.7503
8,70.818695,-91.13219,79.87029
9,111.18243,-105.24243,71.00361
10,116.90937,-83.22246,85.90336
