Landmark,X,Y,Z
1,116.72977,-120.83608,84.92579
2,113.97918,-136.99284,72.2412
3,103.4188,-124.87704,67.39808
4,111.17164,-122.73583,77.20504
5,121.339264,-124.217476,107.69822
6,150.56427,-137.42125,71.203415
7,141.71567,-53.27782,54.89979
8,172.19647,-90.260445,75.01201
