Landmark,X,Y,Z
1,101.17243,-172.60832,111.37903
2,117.726364,-127.654625,116.69914
3,121.883705,-173.45598,106.31415
4,114.36838,-120.894585,107.72086
5,117.79253,-136.71823,124.84645
6,125.37145,-175.76428,80.46344
7,110.04843,-124.03664,69.685616
8,70.64101,-91.06394,79.91671
9,111.08176,-104.961174,70.94817
10,116.950325,-83.18035,85.98389
