Landmark,X,Y,Z
1,124.272514,-128.66464,85.45032
2,81.63165,-112.69113,55.006023
3,92.02076,-134.21156,71.28592
4,126.72014,-135.47447,69.82077
5,100.76061,-77.995995,61.690712
6,155.91673,-116.660774,69.20692
7,178.63422,-89.481544,44.90661
8,138.05559,-155.92046,87.72358
