Landmark,X,Y,Z
1,121.51684,-170.83447,97.46396
2,119.89946,-123.54322,78.950615
3,118.70161,-124.165985,115.03713
4,70.92841,-99.94317,49.949127
5,117.913925,-156.96066,91.14994
6,110.22572,-120.167076,79.58458
7,78.27505,-136.8774,60.623154
8,159.71883,-113.8658,67.73704
9,154.90457,-91.380325,82.73363
10,158.90178,-105.5597,83.82613
