Landmark,X,Y,Z
1,127.68635,-129.30171,67.01076
2,99.61539,-132.10205,62.76877
3,110.150536,-117.61604,66.55461
4,121.11823,-165.74162,96.38357
5,119.43352,-131.80408,113.05249
6,100.07405,-127.09574,126.36427
7,136.71457,-157.34535,106.354355
8,155.90654,-125.387825,59.47363
9,104.10462,-66.326485,64.80684
10,151.61977,-82.91533,78.05878
