Landmark,X,Y,Z
1,125.82205,-123.4945,73.29596
2,92.34812,-117.482765,133.1228
3,123.3309,-168.042,98.81764
4,76.81648,-115.157875,73.933426
5,76.38678,-121.41712,61.41886
6,120.83654,-126.1364,69.31845
7,83.026985,-145.40796,56.059177
8,150.49431,-136.20558,52.136272
9,160.78535,-121.19348,77.82201
10,134.78722,-109.82383,45.4782
