Landmark,X,Y,Z
1,118.913864,-107.39374,73.09884
2,118.64462,-80.474,72.89559
3,145.52588,-107.91994,69.611496
4,114.67349,-91.87907,65.87081
5,118.08918,-70.43415,65.61532
6,140.14108,-115.05991,59.18455
7,139.70062,-116.98711,72.74232
8,120.777626,-157.23993,93.502426
9,118.656586,-121.68394,76.013565
10,137.6799,-115.94092,75.71076
11,141.2486,-106.61852,75.79908
