Landmark,X,Y,Z
1,121.41083,-169.75061,97.37035
2,128.40085,-118.3643,82.056786
3,120.56564,-121.01196,114.00342
4,70.850334,-100.31134,49.83174
5,122.23617,-152.18869,90.5587
6,120.291084,-115.71792,83.84826
7,79.76005,-136.04134,60.5152
8,159.49142,-113.940254,67.78698
9,154.95265,-91.27766,82.84069
10,158.75359,-105.58997,83.71279
