Landmark,X,Y,Z
1,121.039856,-125.68832,71.65306
2,137.13748,-126.78547,49.43999
3,160.3002,-113.498085,100.20721
4,140.82616,-97.838036,81.37349
5,147.53978,-151.88147,57.987064
6,95.95914,-132.31432,62.620834
7,89.6969,-125.95692,45.872433
8,106.03363,-79.8947,58.335617
