Landmark,X,Y,Z
1,134.44214,-120.24006,57.42344
2,130.12973,-118.54621,70.03609
3,112.893684,-135.76053,66.29158
4,115.82594,-113.32126,98.3606
5,141.70967,-128.98405,50.701084
6,82.2406,-134.44872,48.145874
7,86.273544,-103.987114,47.21301
8,115.12731,-52.175896,71.178505
