Landmark,X,Y,Z
1,121.13048,-130.00981,85.57009
2,83.96618,-112.219406,54.29258
3,96.00736,-135.22208,67.64319
4,123.42403,-136.8604,70.85666
5,100.0607,-78.49113,61.765648
6,155.89711,-116.89371,69.26432
7,178.79214,-89.53316,44.88944
8,137.98796,-155.91418,87.65383
