Landmark,X,Y,Z
1,127.685524,-129.31895,66.96073
2,99.69135,-132.19806,62.75817
3,110.21971,-117.88175,66.51913
4,121.40937,-165.94301,96.66372
5,119.88028,-131.36043,113.25381
6,99.82629,-126.806984,126.605675
7,135.26161,-159.54192,105.999535
8,155.95847,-125.374374,59.481346
9,104.14161,-66.315735,64.818115
10,151.59525,-82.826324,78.063286
