Landmark,X,Y,Z
1,134.766,-117.760025,55.88643
2,131.38744,-112.52615,69.54793
3,110.42193,-133.33315,65.66473
4,115.995186,-112.30646,97.86708
5,141.94318,-129.2292,50.139122
6,82.00942,-134.78012,47.94153
7,85.95606,-104.647865,46.680504
8,115.24607,-52.533127,70.683876
