Landmark,X,Y,Z
1,120.673645,-125.37559,73.40517
2,136.71121,-125.99303,51.043472
3,160.94077,-113.551125,100.068375
4,137.79514,-95.16956,82.26988
5,146.15671,-150.93106,57.403687
6,96.13447,-133.16412,64.29954
7,89.7898,-126.92233,48.765095
8,105.98964,-79.99608,62.127117
