Landmark,X,Y,Z
1,100.81166,-172.90399,111.28134
2,117.4725,-127.704605,116.85388
3,121.61202,-173.36952,106.316414
4,114.621666,-121.68244,108.06271
5,116.82863,-136.05348,125.049385
6,125.192085,-175.54584,80.337814
7,109.99176,-124.36957,70.131424
8,70.97001,-90.846504,79.94681
9,111.450264,-104.98755,71.03102
10,116.87065,-83.37773,86.47419
