Landmark,X,Y,Z
1,119.14582,-104.83471,73.98146
2,118.59662,-80.72878,72.94726
3,145.80011,-108.54661,69.05726
4,114.99192,-92.14309,66.10674
5,117.623,-70.633705,65.41251
6,139.98465,-115.294464,59.129784
7,140.15698,-117.342155,72.37793
8,120.66111,-157.96521,94.00692
9,118.5307,-121.5282,76.48401
10,138.02034,-116.30652,75.23701
11,141.53186,-106.754265,75.42676
