Landmark,X,Y,Z
1,125.622696,-123.340614,73.60293
2,91.06934,-117.09272,132.95737
3,123.1778,-167.85184,98.92311
4,76.86982,-114.98958,73.95314
5,76.389694,-121.19546,61.50679
6,121.20914,-126.04749,69.35326
7,83.14774,-145.44122,56.135635
8,150.14763,-136.23618,52.21003
9,160.72852,-121.24623,77.70518
10,134.7563,-109.66737,45.75313
