Landmark,X,Y,Z
1,118.539665,-151.6573,98.132744
2,121.74446,-152.79445,85.833595
3,120.22293,-126.80249,100.57072
4,117.83739,-118.95675,77.63765
5,117.84842,-121.97363,75.48878
6,120.191475,-135.1319,82.41746
7,125.536224,-121.60875,78.47711
8,120.19151,-100.01556,75.22857
9,69.42081,-104.55794,79.412384
10,163.62257,-95.31122,75.31091
11,139.26985,-137.69879,60.05045
12,103.54133,-130.85689,59.689297
