Landmark,X,Y,Z
1,100.791275,-172.99088,111.31393
2,117.252396,-126.97831,116.80711
3,121.44726,-173.33102,106.2602
4,114.51321,-121.180565,108.27703
5,116.64848,-135.12683,125.280235
6,125.36537,-175.75264,80.58541
7,109.98939,-124.24465,70.33861
8,70.89275,-91.03732,80.09447
9,111.443306,-104.979416,71.12795
10,116.90449,-83.376656,86.41557
