Landmark,X,Y,Z
1,125.53428,-126.968185,86.07192
2,88.438255,-105.644226,54.12708
3,104.58565,-129.55254,69.64131
4,126.87827,-135.47049,69.51784
5,101.85767,-77.28891,61.984726
6,157.54143,-116.80319,68.60787
7,179.31802,-89.818565,44.574825
8,137.9428,-156.4668,87.29656
