Landmark,X,Y,Z
1,125.50138,-151.87213,73.948265
2,121.4036,-137.2293,68.809525
3,133.40721,-112.15495,55.22127
4,115.49586,-130.67786,74.49027
5,141.56656,-159.09483,58.10411
6,87.79147,-133.8917,61.665794
7,84.19073,-109.07504,54.20996
8,91.22304,-142.69618,44.53172
