Landmark,X,Y,Z
1,118.58024,-151.75342,98.19456
2,121.484406,-152.77898,85.99818
3,120.22631,-126.881096,100.43751
4,117.75398,-119.04898,77.5093
5,117.8815,-121.94332,75.26227
6,119.957146,-135.33638,82.38493
7,125.59405,-121.54671,78.45511
8,120.335884,-100.12307,75.08215
9,69.47037,-104.631676,79.37127
10,163.7423,-95.19214,75.19385
11,139.57932,-137.8379,59.896038
12,103.47104,-130.96046,59.39349
