Landmark,X,Y,Z
1,124.96525,-127.21939,86.24878
2,87.74003,-109.77104,54.911896
3,102.80771,-132.02402,70.128914
4,127.02204,-135.11263,69.82308
5,101.89476,-77.11746,61.9776
6,156.33948,-116.590195,69.16933
7,178.76424,-89.438095,44.89609
8,138.00005,-155.96703,87.8069
