Landmark,X,Y,Z
1,101.25368,-172.55934,111.52024
2,117.36983,-126.6702,116.29216
3,122.043495,-173.25848,106.30039
4,114.273224,-120.821175,107.90307
5,117.148674,-134.8777,125.33402
6,125.5266,-175.80666,80.621025
7,110.03316,-124.05291,69.96393
8,70.811714,-91.147484,80.22349
9,111.08034,-105.078926,71.28232
10,116.91992,-83.18122,85.76324
