Landmark,X,Y,Z
1,127.7846,-129.27835,67.06885
2,99.65731,-132.07283,62.79943
3,110.16127,-117.607346,66.53178
4,122.56724,-162.96535,97.2685
5,118.99596,-131.1225,112.69425
6,99.70253,-127.37932,125.414986
7,136.7416,-156.12784,106.61828
8,155.86151,-125.4299,59.36838
9,104.114975,-66.439606,64.77903
10,151.65321,-82.86934,77.99114
