Landmark,X,Y,Z
1,135.82826,-119.419846,56.613728
2,131.75346,-117.62641,69.03986
3,110.8618,-134.67047,65.83204
4,115.93149,-112.6483,98.29147
5,141.98341,-129.10857,50.491352
6,82.16686,-134.44345,48.130783
7,86.062325,-103.86289,47.13653
8,115.15584,-51.992737,71.2907
