Landmark,X,Y,Z
1,119.155464,-104.56882,74.167175
2,118.67857,-80.6695,72.92182
3,145.51585,-108.01804,69.48537
4,114.753426,-91.8551,65.95972
5,118.01758,-70.00962,65.40472
6,140.1576,-115.14652,59.457134
7,139.77809,-117.070816,72.56816
8,120.712746,-157.32266,93.58802
9,118.63716,-121.50646,76.28187
10,137.84055,-116.00623,75.58872
11,141.0901,-106.60425,75.54362
