Landmark,X,Y,Z
1,116.53378,-120.56052,85.06982
2,113.8363,-137.07277,72.38724
3,103.38126,-124.83357,67.19345
4,110.89783,-122.63884,76.74217
5,121.13717,-124.182045,107.59739
6,150.5476,-137.50307,71.19941
7,141.75932,-53.14083,54.949684
8,172.36288,-90.37876,75.01405
