Landmark,X,Y,Z
1,109.23304,-128.83655,74.78239
2,119.60886,-124.22368,116.2453
3,108.75307,-120.9466,90.45467
4,90.41177,-109.07015,79.16255
5,122.54959,-83.70642,97.90819
6,144.5462,-128.12823,63.646626
7,128.22519,-157.04639,79.5363
8,163.66246,-100.135704,77.98773
