Landmark,X,Y,Z
1,114.89443,-122.04162,86.85352
2,113.78651,-138.37611,72.877495
3,103.72593,-126.30095,67.075096
4,110.91471,-123.665565,78.74757
5,119.10089,-125.48271,111.90282
6,150.61249,-138.38509,70.81355
7,141.11656,-54.595608,54.567047
8,170.99821,-90.84217,74.61179
