Landmark,X,Y,Z
1,101.21648,-172.75569,111.55849
2,117.172745,-127.16786,117.00274
3,121.6259,-173.00963,106.890396
4,112.87514,-121.46227,109.63751
5,116.73731,-135.10448,125.6413
6,124.77775,-175.11491,80.515366
7,109.74256,-124.574135,70.16007
8,70.55529,-90.99618,79.93606
9,111.613144,-106.268906,70.999664
10,117.40358,-83.16282,85.78365
