Landmark,X,Y,Z
1,119.41748,-150.90396,98.307014
2,122.403534,-152.23514,86.02833
3,120.67591,-127.00499,99.99189
4,117.881905,-118.55002,78.08521
5,117.84633,-121.490776,75.97489
6,120.308784,-134.84546,82.63307
7,125.41433,-121.43914,78.7374
8,120.34836,-99.952835,75.22109
9,69.667465,-104.28384,79.87337
10,163.78368,-95.49649,75.58371
11,139.59393,-138.18729,59.90357
12,103.74926,-131.70425,60.029366
