Landmark,X,Y,Z
1,107.964516,-129.31656,74.12861
2,118.974335,-122.81395,116.88373
3,107.81882,-118.753265,91.27712
4,89.20226,-105.94583,79.981125
5,126.30112,-83.856316,96.43363
6,145.16214,-128.61293,61.78999
7,127.5236,-157.28711,79.8938
8,163.23143,-99.88347,78.32884
