Landmark,X,Y,Z
1,136.86131,-124.28975,59.049793
2,135.81131,-123.825874,70.62895
3,118.88025,-144.79204,66.51086
4,116.932915,-114.91795,97.894844
5,141.76872,-135.30406,53.46838
6,82.34255,-135.92967,47.7418
7,86.60852,-105.5614,47.478333
8,114.24158,-52.64982,70.58331
