Landmark,X,Y,Z
1,107.37331,-128.82869,74.994484
2,118.4215,-121.49525,116.8659
3,108.2527,-117.98502,91.61675
4,90.18988,-105.02965,81.1708
5,125.67253,-83.138115,97.84369
6,144.30566,-128.47427,64.121666
7,127.5835,-156.651,80.27879
8,162.45451,-99.42546,79.313416
