Landmark,X,Y,Z
1,126.19105,-127.25309,69.359344
2,138.71455,-127.46147,47.08075
3,163.29057,-115.10621,95.97867
4,142.89488,-99.580696,76.91499
5,149.29535,-152.45793,55.48086
6,97.25729,-133.16966,62.705296
7,90.41053,-126.30003,47.097878
8,105.58975,-80.551994,58.985348
