Landmark,X,Y,Z
1,101.51948,-172.7224,111.7013
2,118.36195,-127.36867,115.533554
3,121.912964,-173.3753,106.80303
4,114.55612,-121.22565,108.07234
5,118.06405,-135.4616,124.66285
6,125.238144,-175.88977,80.41694
7,109.977684,-124.437904,70.02663
8,70.373,-91.11838,79.869156
9,111.46724,-106.54376,71.31737
10,117.48141,-83.86031,85.8138
