Landmark,X,Y,Z
1,119.61399,-150.81209,98.199715
2,122.979744,-152.33167,85.806946
3,120.627396,-126.58718,100.03862
4,117.86324,-118.688126,77.86428
5,117.78751,-121.541534,75.68781
6,120.37753,-134.80206,82.46002
7,125.517105,-121.426704,78.491844
8,120.22179,-99.94578,74.85657
9,69.98101,-103.5334,78.6805
10,163.73972,-95.55433,75.0715
11,139.64038,-138.19106,60.0213
12,104.12307,-131.53912,59.27756
