Landmark,X,Y,Z
1,120.43155,-102.17876,76.11605
2,118.449425,-80.600716,72.76942
3,145.66359,-103.8047,70.36684
4,114.82295,-91.75936,65.45548
5,117.38586,-69.83663,65.4378
6,140.37202,-113.74736,60.196
7,140.71501,-113.99616,73.548935
8,120.46291,-159.74808,94.5437
9,119.24411,-121.17624,78.31818
10,138.42342,-112.58046,76.721176
11,141.48338,-100.99839,76.31998
