Landmark,X,Y,Z
1,114.6065,-122.19949,88.15692
2,113.52807,-138.76979,73.72411
3,103.93418,-126.47451,68.21598
4,110.77952,-123.79804,80.06821
5,119.09628,-125.678925,111.14948
6,150.33493,-138.56253,71.33657
7,141.29657,-54.043297,55.228542
8,171.34637,-90.93302,75.488594
