Landmark,X,Y,Z
1,137.22566,-124.31626,59.013187
2,135.57011,-124.01842,70.394966
3,118.64258,-144.31142,66.264404
4,117.34316,-115.37735,98.33987
5,141.68939,-134.69511,53.359924
6,83.78602,-135.92424,48.480713
7,87.17726,-105.885895,47.921635
8,113.6492,-53.427097,72.386536
