Landmark,X,Y,Z
1,128.24995,-131.6097,66.43907
2,99.668564,-134.8032,61.65586
3,111.138115,-118.92011,65.95349
4,121.352036,-169.65521,96.45156
5,120.66586,-131.44945,113.73662
6,100.66664,-126.26895,126.92863
7,133.7734,-161.53738,106.00828
8,156.05913,-126.458405,59.6998
9,104.30962,-66.27734,65.715996
10,151.5656,-83.587265,79.09541
