Landmark,X,Y,Z
1,120.90109,-125.29122,73.99706
2,136.34396,-125.63265,51.2515
3,160.85089,-113.3482,99.724304
4,137.78185,-95.167984,82.39436
5,145.56146,-151.48521,60.33307
6,96.189995,-133.38208,64.0498
7,89.78704,-126.79277,49.563873
8,106.0548,-79.8795,62.262238
