Landmark,X,Y,Z
1,125.707,-127.05433,86.251236
2,89.76778,-105.686905,55.459717
3,109.70848,-128.91301,73.336136
4,127.09572,-135.22458,69.34394
5,101.85012,-77.21987,62.089703
6,157.58456,-116.71802,68.534225
7,179.1832,-89.8014,44.592323
8,137.95288,-156.4287,87.46209
