Landmark,X,Y,Z
1,107.97278,-130.71501,73.35318
2,119.450645,-126.405106,115.50161
3,108.81081,-122.01963,90.088196
4,90.93579,-109.260666,78.64074
5,126.41154,-84.888626,95.2555
6,145.1111,-128.97261,62.94039
7,128.2371,-157.74997,79.0742
8,163.59262,-100.519936,77.75301
