Landmark,X,Y,Z
1,127.83294,-129.81374,67.104065
2,99.41903,-132.549,62.78675
3,109.98412,-118.06544,66.52406
4,124.381645,-158.89864,100.31393
5,118.57517,-130.57574,111.41012
6,99.48817,-125.6889,125.1775
7,136.6688,-156.3338,106.461395
8,155.86331,-126.061905,59.325905
9,103.87899,-66.912315,64.495186
10,151.5574,-83.2965,77.82692
