Landmark,X,Y,Z
1,118.99491,-104.6376,74.06374
2,118.573235,-80.663284,73.06148
3,145.87346,-108.69162,68.92675
4,114.99704,-92.00147,66.1639
5,117.69526,-70.78884,65.39757
6,139.99193,-115.31732,59.208313
7,140.15216,-117.30285,72.35061
8,120.60035,-158.01816,94.07139
9,118.52555,-121.539764,76.54779
10,137.99995,-116.280396,75.14511
11,141.50511,-106.77287,75.29616
