Landmark,X,Y,Z
1,118.39068,-151.6049,98.08753
2,121.8157,-152.87172,85.79181
3,120.22242,-126.83681,100.88838
4,117.80807,-118.97345,77.61124
5,117.80151,-122.021164,75.49339
6,120.154434,-135.3184,82.3366
7,125.5621,-121.554665,78.43517
8,120.21769,-100.00291,75.21626
9,69.45358,-104.57357,79.43729
10,163.61195,-95.29388,75.320175
11,139.34242,-137.6843,60.08309
12,103.37375,-130.87303,59.7091
