Landmark,X,Y,Z
1,122.98433,-168.57425,98.982315
2,130.17003,-118.6608,83.18327
3,120.269775,-120.31106,114.26128
4,71.384705,-99.464294,50.12732
5,128.88463,-150.20012,95.09134
6,124.957306,-115.365944,86.44992
7,81.85037,-138.36009,60.64355
8,159.86752,-114.268425,67.594154
9,154.90245,-92.03734,82.53453
10,158.39816,-105.20712,83.414
