Landmark,X,Y,Z
1,100.87867,-172.95131,111.38635
2,117.134605,-127.35771,116.35387
3,121.51684,-173.35954,106.18198
4,114.4397,-121.12479,108.1455
5,116.62059,-135.25844,124.888466
6,125.24079,-175.62238,80.40262
7,109.986855,-124.31559,70.38827
8,70.834435,-90.96953,80.05005
9,111.61533,-104.790886,71.19236
10,116.789024,-83.323204,86.32995
