Landmark,X,Y,Z
1,116.86118,-120.45877,84.86012
2,113.97558,-137.03595,72.32243
3,103.36398,-124.814896,67.207245
4,110.93546,-122.70851,76.73079
5,121.14763,-123.80799,107.6437
6,150.66597,-137.5477,71.218956
7,141.82579,-53.175816,54.92171
8,172.31133,-90.43428,75.00178
