Landmark,X,Y,Z
1,118.802376,-105.299484,74.12562
2,118.61108,-80.673805,73.00609
3,145.44528,-108.18809,69.404915
4,114.74167,-91.86691,65.958176
5,118.02084,-70.13827,65.53667
6,140.1286,-115.19162,59.408302
7,139.94713,-117.01011,72.58907
8,120.67937,-157.33586,93.69986
9,118.59757,-121.50372,76.36031
10,137.94797,-116.03975,75.44349
11,141.17795,-106.67136,75.61596
