Landmark,X,Y,Z
1,127.851105,-129.29045,67.21775
2,99.64119,-132.01945,62.861763
3,109.9694,-117.439735,66.41721
4,122.33187,-162.63742,97.439705
5,118.61572,-131.50204,112.26102
6,100.18707,-127.91751,125.24043
7,136.77664,-155.89842,106.49739
8,155.84233,-125.45281,59.395855
9,104.22312,-66.43336,64.66773
10,151.5957,-82.92278,77.98984
