Landmark,X,Y,Z
1,123.42697,-169.14725,98.22954
2,130.06854,-118.6101,82.69998
3,120.74982,-119.869156,113.21599
4,71.071846,-99.40735,50.11873
5,129.10597,-150.36864,93.866325
6,124.8988,-117.032486,85.31714
7,85.62431,-139.68784,63.62577
8,159.85487,-113.64136,67.93538
9,155.0773,-91.17499,82.673195
10,158.99481,-104.68483,83.47008
