Landmark,X,Y,Z
1,125.29582,-150.5047,74.24554
2,121.02386,-135.98616,69.139534
3,133.52899,-111.77254,55.473846
4,115.36012,-130.40497,74.74297
5,140.2061,-159.30339,60.891285
6,87.6325,-133.47665,62.20392
7,84.06517,-108.444466,54.626602
8,91.239784,-142.25778,44.86837
