Landmark,X,Y,Z
1,124.67497,-150.67279,73.3943
2,121.38059,-137.10172,68.556274
3,133.50836,-112.041016,55.211945
4,115.38107,-130.75992,74.04019
5,143.00266,-158.34818,57.471138
6,87.72363,-133.92455,61.673767
7,84.39206,-108.87299,54.282757
8,91.166794,-142.56795,44.59045
