Landmark,X,Y,Z
1,120.89527,-125.35562,73.03815
2,136.85684,-126.267494,50.02622
3,160.88707,-113.78511,100.03576
4,138.52942,-95.26485,82.127716
5,146.2862,-150.91663,56.744118
6,96.237724,-133.26224,64.47289
7,89.7728,-126.96292,48.92481
8,105.90236,-80.06256,61.8134
