Landmark,X,Y,Z
1,123.554726,-168.944,99.220024
2,130.1663,-118.71557,83.51252
3,120.49122,-120.72693,113.92165
4,71.13505,-100.02077,50.129066
5,128.6983,-150.93489,96.17839
6,124.82047,-115.38059,86.43374
7,81.57044,-138.0576,60.67574
8,159.81186,-114.194565,67.68321
9,154.85075,-92.02527,82.71248
10,158.47855,-105.31575,83.28707
