Landmark,X,Y,Z
1,127.781876,-129.67566,66.99711
2,99.603775,-132.57686,62.821674
3,110.179146,-118.04316,66.54891
4,124.3394,-159.53448,99.729965
5,118.72701,-132.26295,111.841095
6,98.91407,-126.404015,125.88947
7,136.29512,-156.75284,106.9817
8,155.9055,-125.84392,59.433685
9,103.96837,-66.71686,64.587265
10,151.48146,-83.09769,77.8624
