Landmark,X,Y,Z
1,119.35634,-105.58696,74.187126
2,118.574104,-81.0003,72.80842
3,145.64589,-107.95899,69.53433
4,114.942116,-92.37223,66.03377
5,117.86155,-71.033615,65.820595
6,139.97629,-115.19176,59.096584
7,140.02821,-117.41963,72.77879
8,120.65673,-157.64201,93.97471
9,118.49683,-121.515236,76.46484
10,137.7425,-116.16574,75.78986
11,141.4526,-106.535675,75.88915
