Landmark,X,Y,Z
1,124.96123,-128.20288,85.263054
2,87.81517,-110.55141,54.33476
3,103.03756,-132.93486,68.604324
4,126.81161,-135.70357,69.6812
5,100.93272,-77.2297,61.37045
6,157.38919,-117.269196,68.55442
7,179.32527,-89.928535,44.41643
8,137.99359,-156.48563,87.198654
