Landmark,X,Y,Z
1,108.034904,-130.63077,73.03122
2,119.95723,-125.94901,115.36307
3,108.88326,-121.46812,89.708305
4,90.37501,-109.046005,78.469864
5,123.603546,-84.267914,95.520996
6,145.03946,-129.04688,62.824547
7,128.28088,-157.79622,79.20994
8,163.64299,-100.28862,77.76308
