Landmark,X,Y,Z
1,134.81528,-119.38983,56.697002
2,130.86958,-117.44642,70.06376
3,114.34653,-136.347,66.80655
4,115.98862,-112.35302,97.775276
5,142.06844,-129.25151,50.16679
6,82.07509,-134.78784,47.989094
7,85.973595,-104.82464,46.696648
8,115.22987,-52.49537,70.75108
