Landmark,X,Y,Z
1,125.59468,-123.32445,73.71915
2,90.28138,-117.779205,132.1492
3,123.33393,-167.66342,98.693924
4,76.84558,-115.011055,73.86828
5,76.52035,-121.10471,61.493847
6,120.99855,-125.90274,69.46255
7,82.67259,-145.40918,55.754044
8,150.42776,-136.25444,52.161194
9,160.83443,-121.01598,77.61767
10,134.67088,-109.704155,45.666203
