Landmark,X,Y,Z
1,110.55863,-128.12663,75.29717
2,119.78273,-125.96695,115.676865
3,109.13334,-121.51159,90.47227
4,90.55858,-109.165855,79.14199
5,121.956184,-83.77306,97.345146
6,144.36464,-127.96281,63.78356
7,128.20848,-157.10443,79.490944
8,163.59393,-100.121124,77.95992
