Landmark,X,Y,Z
1,118.52466,-151.74622,98.25722
2,121.32935,-152.82468,85.97996
3,120.23851,-126.7069,100.61342
4,117.7226,-119.1064,77.566086
5,117.81553,-121.97049,75.33639
6,119.91694,-135.46255,82.37032
7,125.599915,-121.58758,78.339195
8,120.29494,-100.14557,75.079666
9,69.556015,-104.48932,79.35097
10,163.78284,-95.12791,75.20215
11,139.5702,-137.83606,59.898262
12,103.378494,-130.88649,59.346943
