Landmark,X,Y,Z
1,101.278625,-172.61082,111.62441
2,117.378426,-126.23534,116.254395
3,122.00625,-173.28302,106.14638
4,114.19535,-120.84533,107.97174
5,116.714455,-135.29689,125.13117
6,125.38288,-175.86084,80.81616
7,109.9904,-124.054855,69.802795
8,70.544754,-91.00963,80.15981
9,111.04099,-104.92773,71.25276
10,116.94199,-83.22743,85.945915
