Landmark,X,Y,Z
1,125.42765,-127.002396,86.32018
2,87.7827,-108.24051,55.29061
3,104.26944,-129.78575,73.01257
4,127.67811,-134.44234,69.79712
5,101.81497,-77.01461,62.040432
6,156.38226,-116.539185,69.133804
7,178.60698,-89.46316,45.045456
8,137.98566,-155.9897,88.1277
