Landmark,X,Y,Z
1,120.21966,-124.14108,73.245705
2,137.63524,-126.38311,50.38947
3,160.50153,-112.27583,99.8179
4,137.74713,-99.58193,77.41251
5,143.31812,-152.77261,63.81057
6,95.4775,-132.26036,62.42756
7,89.77903,-126.13385,45.453766
8,106.05798,-79.93806,58.439568
