Landmark,X,Y,Z
1,134.69463,-116.449165,56.870953
2,131.61606,-112.325,68.22856
3,108.875694,-133.22935,65.12689
4,115.98957,-112.59722,98.2013
5,141.85635,-129.14165,50.509674
6,82.12555,-134.41243,48.13154
7,85.99302,-103.782684,47.066753
8,115.11117,-51.958977,71.26312
