Landmark,X,Y,Z
1,128.23807,-131.1769,66.35731
2,99.41808,-133.92882,62.2485
3,110.86451,-118.567696,66.12194
4,121.52229,-165.66978,96.044785
5,119.33033,-131.81987,112.29803
6,100.41502,-126.57898,127.5956
7,134.16898,-159.80232,106.03552
8,156.01944,-126.57222,59.363667
9,104.153305,-66.48483,64.49287
10,151.0183,-83.327675,77.62243
