Landmark,X,Y,Z
1,136.32812,-124.1312,58.61374
2,134.72559,-123.38953,70.713905
3,118.558754,-144.40222,66.88145
4,116.51453,-114.39035,97.78252
5,141.63718,-135.46553,52.89985
6,82.38823,-135.97029,47.39306
7,86.60994,-105.253174,47.26072
8,114.3273,-52.727688,70.225006
