Landmark,X,Y,Z
1,124.29218,-126.51256,71.864914
2,138.41951,-126.98636,47.89862
3,161.85826,-114.85238,97.775314
4,141.28914,-99.19011,77.43681
5,148.4832,-151.01967,55.803658
6,96.85347,-133.80887,63.934044
7,90.00766,-127.17521,48.16221
8,105.87331,-80.05514,61.82759
