Landmark,X,Y,Z
1,130.38226,-150.25235,73.654655
2,126.50283,-135.77846,69.21865
3,137.3057,-113.62139,55.48875
4,120.48757,-130.51028,74.033485
5,146.33307,-156.75949,58.29307
6,86.5761,-133.73317,61.25746
7,84.68256,-108.14947,55.664726
8,90.69357,-142.29684,44.61163
