Landmark,X,Y,Z
1,125.41353,-123.15967,73.85048
2,90.91734,-119.62338,132.56865
3,122.57773,-167.30923,99.332596
4,77.36669,-115.8368,76.63955
5,77.19352,-122.343834,62.936882
6,120.84905,-126.142815,70.09722
7,83.71036,-145.44505,56.979492
8,149.97627,-136.37778,51.931393
9,161.08244,-121.64584,77.90111
10,134.9158,-110.259155,44.93378
