Landmark,X,Y,Z
1,119.612755,-104.10916,75.060715
2,117.599106,-81.235344,72.57177
3,145.90416,-105.64037,69.94624
4,114.56686,-92.4104,65.63002
5,116.840355,-70.14265,65.04985
6,140.46112,-114.148605,60.345512
7,140.73438,-115.07904,73.2093
8,120.36935,-160.3061,94.18
9,118.79041,-121.513535,77.593956
10,138.67407,-113.9324,76.20023
11,142.29384,-103.59489,75.650314
