Landmark,X,Y,Z
1,108.14552,-129.94948,74.36781
2,118.915306,-123.24994,115.85097
3,108.119385,-119.59063,90.4746
4,89.04425,-106.433914,79.44973
5,126.349945,-84.35801,95.540565
6,144.7613,-128.98956,62.604458
7,127.67739,-157.36647,79.94355
8,163.1869,-100.03506,78.35064
