Landmark,X,Y,Z
1,122.33146,-169.38034,98.02498
2,128.41228,-121.43914,83.31701
3,121.1149,-122.9562,113.864426
4,71.27064,-100.160324,49.883358
5,125.46929,-151.83714,93.08488
6,122.50769,-119.548515,86.26682
7,82.03761,-138.70709,62.590714
8,159.69344,-114.834404,68.24135
9,155.1226,-92.83847,83.20635
10,158.55693,-106.48845,83.71431
