Landmark,X,Y,Z
1,114.39714,-126.20664,82.41673
2,86.1218,-107.03164,53.777637
3,96.223114,-128.55307,67.730835
4,120.79957,-135.64685,69.80586
5,100.23257,-78.18916,60.689716
6,158.14787,-117.92706,68.51592
7,178.92867,-89.68586,44.592934
8,137.32109,-156.4714,86.36948
