Landmark,X,Y,Z
1,119.410286,-150.73155,98.66085
2,122.207466,-152.03096,86.142044
3,120.746056,-126.90524,100.39693
4,117.858986,-118.49286,78.23874
5,117.7893,-121.47051,76.08459
6,120.32016,-134.7001,82.492424
7,125.401306,-121.420555,78.803276
8,120.398705,-99.96307,75.224754
9,69.749825,-104.28431,79.976204
10,163.80167,-95.56701,75.4936
11,139.61989,-138.05789,59.995663
12,103.923454,-131.76897,59.952393
