Landmark,X,Y,Z
1,101.18076,-172.92316,111.46123
2,117.125984,-127.27299,116.7556
3,121.629364,-173.13202,106.79387
4,112.79274,-121.63623,109.474045
5,116.60765,-135.3313,125.38442
6,124.93463,-175.12677,80.62432
7,109.8804,-124.60552,69.93405
8,70.55672,-90.92264,79.85503
9,111.843254,-106.356,70.84833
10,117.50509,-83.3095,85.66161
