Landmark,X,Y,Z
1,115.34592,-122.087296,86.11079
2,114.12501,-137.88503,72.709816
3,104.15171,-126.14242,67.16101
4,111.41004,-123.67469,78.35282
5,119.40163,-125.23871,110.54356
6,149.93916,-138.24695,70.71314
7,141.21912,-54.821857,54.215107
8,170.96886,-91.01205,74.342514
